{
  "project_info": {
    "project_number": "699692063874",
    "project_id": "mobilesolutions-fc5h96",
    "storage_bucket": "mobilesolutions-fc5h96.appspot.com"
  },
  "client": [
    {
      "client_info": {
        "mobilesdk_app_id": "1:699692063874:android:6a9a95617eb2f8e22ba89b",
        "android_client_info": {
          "package_name": "com.example.mobilesolutions"
        }
      },
      "oauth_client": [
        {
          "client_id": "699692063874-mar1n82nea05pt2q006cn1tulopdfvrr.apps.googleusercontent.com",
          "client_type": 3
        }
      ],
      "api_key": [
        {
          "current_key": "AIzaSyBGa8b4JImhBnebcDdRJcEBvnE8CccjUTE"
        }
      ],
      "services": {
        "appinvite_service": {
          "other_platform_oauth_client": [
            {
              "client_id": "699692063874-mar1n82nea05pt2q006cn1tulopdfvrr.apps.googleusercontent.com",
              "client_type": 3
            }
          ]
        }
      }
    }
  ],
  "configuration_version": "1"
}